{
  "total_profiles": 1290,
  "alive": 1290,
  "dead": 0,
  "avg_score": 62.339852713178466,
  "median_score": 60.26,
  "avg_decay_rate": 0.039999999999999286
}